company,position,location,tags,salary_min,salary_max,date
Yuno,Sales Development Representative Inbound,,"salesforce, assistant, strategy, operations, excel, sales",0,0,2026-05-15T00:02:41+00:00
Kyverna Therapeutics,Paralegal Contract Management &amp; Legal Operations,Remote,"system, training, support, growth, travel, administrator, microsoft, management, lead, operations, operational, legal",0,0,2026-05-15T00:02:35+00:00
"Riva International, Inc.",Technical Support Specialist,,"technical, support",0,0,2026-05-15T00:02:28+00:00
Global Elite Empire Consultants,Work From Home Break Free of the 9 5,"Kaneohe, Hawaii","system, training, financial, video",0,0,2026-05-15T00:02:07+00:00
Volt,Senior Accountant,"Bethesda, MD","accountant, saas, technical, software, accounting, payroll, financial, finance, c, lead, senior, operations, legal, sales",0,0,2026-05-15T00:02:00+00:00
Invisible Agency,Business Owners Freelance AI Trainer Project,World Wide,trainer,0,0,2026-05-15T00:01:54+00:00
GoFasti,1090 Video Editor,Remote,"video, content, non tech",0,0,2026-05-15T00:01:18+00:00
InStride Health,Pre Licensed Child & Adolescent Therapist,Remote,"system, growth, voice, lead, medical, health",0,0,2026-05-15T00:00:54+00:00
ClinChoice,Senior Manager Biostatistician Consultant US,United States,"consultant, manager, design, security, support, senior, digital nomad",0,0,2026-05-15T00:00:23+00:00
Cresta,Application Support Engineer,,"consulting, ceo, technical, support, web, api, engineer",0,0,2026-05-14T16:01:53+00:00
Obsidian Security,Software Engineer,Remote,"infosec, software, saas, security, growth, code, api, microsoft, engineer, backend",0,0,2026-05-14T16:01:22+00:00
SuperPlane,DevRel Content Creator,,"marketing, dev, devops",70000,150000,2026-05-14T15:12:08+00:00
TRE ALTAMIRA Srl,Senior Golang Developer,,"golang, developer, leader, senior, golang, digital nomad",0,0,2026-05-14T14:00:02+00:00
Sticker Mule,Software engineer,,"engineer, golang, docker, redis, gcp, postgres",150000,250000,2026-05-14T09:44:31+00:00
Avalere Health ,IT Support Technician,Washington DC,"security, training, technical, support, software, growth, web, microsoft, mobile, management, lead, marketing, medical, health, healthcare",0,0,2026-05-14T08:00:18+00:00
Avalere Health ,Account Supervisor,,"training, technical, supervisor, support, growth, finance, marketing, medical, health, healthcare",0,0,2026-05-14T08:00:12+00:00
Cosuno,Product Manager,Berlin,"manager, design, saas, support, growth, management, marketing, digital nomad",0,0,2026-05-14T08:00:05+00:00
HighLevel,Staff Engineer Platform Engineering,India,"design, saas, system, technical, support, developer, software, growth, code, cloud, node.js, api, leader, lead, senior, legal, reliability, engineer, engineering, backend, digital nomad",0,0,2026-05-14T00:02:15+00:00
Judi Health,Business Analyst,Denver,"analyst, ux, management, operational, medical, health, healthcare, non tech",0,0,2026-05-14T00:02:09+00:00
Kalepa,Staff Backend Engineer Core Product,USA,"system, software, engineer, backend",0,0,2026-05-14T00:01:41+00:00
Altarum,Capture Analyst,United States,"analyst, design, training, technical, support, growth, financial, education, mobile, management, lead, operational, sales, health, healthcare, digital nomad",0,0,2026-05-14T00:01:18+00:00
Bennie,Customer Experience Manager,Remote,"manager, health, non tech",0,0,2026-05-14T00:01:01+00:00
GiveDirectly,Senior Manager Business Operations,Remote,"manager, support, senior, operations",0,0,2026-05-14T00:00:34+00:00
HireHawk,Business Immigration Paralegal LATAM,,"support, strategy, management, legal, non tech",0,0,2026-05-14T00:00:09+00:00
HireHawk,Appointment Setter Mexico,,"training, support, management, lead, operations, operational, sales, non tech",0,0,2026-05-14T00:00:02+00:00
Osmind,Revenue Cycle Specialist,United States,"training, software, code, health, full-time",0,0,2026-05-13T16:02:43+00:00
"ContinuumGlobal, Inc",Chief Revenue Officer,"Remote, US","saas, technical, support, director, leader, operations, marketing, sales, executive",0,0,2026-05-13T16:02:36+00:00
CentralReach,Senior Software Engineer,Remote - US,"software, saas, senior, engineer",0,0,2026-05-13T16:01:55+00:00
Sprinto,Business Development Representative,Bengaluru,"saas, security, cto, support, director, lead, marketing, sales, go, health, recruitment",0,0,2026-05-13T16:00:03+00:00
Glia,Senior Sales Engineer,,"saas, training, architect, technical, support, software, voice, javascript, financial, serverless, api, management, lead, senior, operational, sales, engineer, backend, executive",0,0,2026-05-13T08:00:24+00:00
Stone,Engenharia Software Engineer III Golang,Remoto,"software, golang, engineer",0,0,2026-05-13T00:02:49+00:00
Firework,Director Enterprise Sales,United States,"director, saas, technical, support, software, video, strategy, lead, senior, sales",0,0,2026-05-13T00:02:24+00:00
DoorDash USA,Recruiter GTM Sales,United States,"design, recruiter, support, growth, strategy, operational, sales, recruiting, digital nomad",0,0,2026-05-13T00:02:18+00:00
Wealthsimple Technologies,Senior AI System Software Developer,,"system, developer, software, react, redis, frontend, full-stack, technical, support, financial, senior, golang, health, engineering, backend, digital nomad",151200,189000,2026-05-13T00:01:58+00:00
Omnicom Health,Senior Medical Editor,Remote,"management, senior, junior, medical",0,0,2026-05-13T00:01:45+00:00
"AffirmedRx, PBC",Pricing Manager,Remote,"manager, support, financial, health, non tech",0,0,2026-05-13T00:01:26+00:00
Beale Infrastructure,Director of Market Development,San Francisco,"director, support, strategy, operations",0,0,2026-05-13T00:01:00+00:00
Care Access,Digital Marketing Manager,USA Remote,"manager, growth, mobile, leader, lead, marketing, health",0,0,2026-05-13T00:00:37+00:00
Phaidra,Senior Software Engineer,Remote - United States,"software, senior, operational, engineer",0,0,2026-05-13T00:00:19+00:00
Welo Global,Language Quality Manager,Spain,"manager, jira, saas, training, technical, support, software, voice, speech, qa, robotics, management, content",0,0,2026-05-12T16:01:54+00:00
"Contact Government Services, LLC",Contract Mandarin Document Review Attorney,,"support, analyst, legal, non tech",0,0,2026-05-12T16:01:47+00:00
JetBrains,.NET Developer Advocate,Amsterdam,"developer, frontend, software, testing, backend, digital nomad",0,0,2026-05-12T16:01:26+00:00
Genomenon,Clinical Marketing Director,"Remote, USA","director, support, marketing, non tech",0,0,2026-05-12T16:00:19+00:00
TTEC Digital,Tier II III UC Support Engineer,Hyderabad,"system, technical, support, growth, voip, cloud, microsoft, telecom, engineer",0,0,2026-05-12T08:01:56+00:00
"Deep Fission, Inc",Nuclear Engineer III Nuclear Safety Analysis,Remote - US,"support, growth, engineer, engineering",0,0,2026-05-12T08:01:50+00:00
"Deep Fission, Inc",Senior Director Nuclear Programs,Remote - US,"director, system, growth, senior",0,0,2026-05-12T08:01:15+00:00
uConnect,VP of Product and Partnerships,Remote,"design, saas, students, ceo, technical, support, education, finance, strategy, management, lead, content, senior, operations, sales, health, engineering, executive, digital nomad",0,0,2026-05-12T08:00:29+00:00
Varicent,Technical Solutions Analyst,Merida,"analyst, design, saas, technical, leader, management, lead, sales, digital nomad",0,0,2026-05-12T08:00:23+00:00
Covera Health,VP Population Health,Remote,"system, support, growth, lead, operations, medical, health, healthcare, executive",0,0,2026-05-12T00:01:48+00:00
Smartbug Media/Point Sucess/Globalia,Freelance SEO AEO Strategist,"Remote, United States","technical, strategist, web, javascript, seo, leader, strategy, content, marketing, excel, analytics, sales",0,0,2026-05-12T00:01:21+00:00
Emora Health,Operations and Support Associate,,"system, support, growth, adult, operations, operational, medical, health",0,0,2026-05-12T00:01:15+00:00
GiddyUp,Performance Marketing Manager,Remote,"manager, support, testing, test, growth, education, strategy, senior, marketer, marketing, analytics, sales, ecommerce, e-commerce",0,0,2026-05-12T00:01:08+00:00
Natera,Manager Platform Engineering,US Remote,"manager, technical, support, developer, director, cloud, lead, reliability, engineering, digital nomad",0,0,2026-05-12T00:01:02+00:00
EnableComp,Vice President DRG,,"training, support, growth, financial, education, management, lead, senior, operational, health, healthcare",0,0,2026-05-12T00:00:34+00:00
Wishpond Technologies,CUSTOMER SUCCESS MANAGER,Brazil,"manager, design, saas, training, support, growth, operational, sales, health, digital nomad",0,0,2026-05-12T00:00:27+00:00
Calyxo,Academic Engagement Manager USA,Remote,"manager, training, director, education, healthcare, educational, non tech",0,0,2026-05-12T00:00:20+00:00
Brandtech+,Project Manager French English Fluent,Africa,manager,0,0,2026-05-11T16:02:38+00:00
Careers In Travel | Destination Planners,Destination Coordinator,"Atlanta, Georgia","travel, coordinator, support, non tech",0,0,2026-05-11T16:00:32+00:00
Careers In Travel | Destination Planners,Travel Support Advisor,Indiana,"travel, training, support, non tech",0,0,2026-05-11T16:00:25+00:00
Careers In Travel | Destination Planners,Travel Operations Coordinator,"Detroit, Michigan","travel, training, coordinator, support, operations, operational, non tech",0,0,2026-05-11T16:00:19+00:00
Careers In Travel | Destination Planners,Travel Appointment Coordinator,"Atlanta, Georgia","travel, coordinator, support, growth",0,0,2026-05-11T16:00:10+00:00
Careers In Travel | Destination Planners,Itinerary Support Coordinator No Experience Needed,Maryland,"travel, coordinator, support, non tech",0,0,2026-05-11T16:00:03+00:00
Maidel Group,Crypto Trader,,"other, analyst, mobile, finance, crypto",40000,60000,2026-05-11T13:00:52+00:00
Unikraft,Tooling Engineer,,"golang, cloud, engineer",0,0,2026-05-11T09:00:01+00:00
singularads.com,Meta Ads Manager + Creative Producer AI Native,,"marketing, ads, ai",20000,30000,2026-05-11T02:41:10+00:00
Precision Medicine Group,Senior Marketing Manager CRO Experience Required,Remote,"manager, design, embedded, support, leader, strategy, lead, content, senior, operations, operational, marketing, sales, digital nomad",0,0,2026-05-10T16:00:26+00:00
Aisles &amp; Abroad,Online Hospitality Services Coordinator Entry Level,Illinois,"coordinator, support",0,0,2026-05-10T08:00:09+00:00
Apollo Information Systems,Account Executive Southeast,,"salesforce, security, technical, support, test, growth, manager, education, investment, senior, marketing, sales, executive",80000,100000,2026-05-10T08:00:03+00:00
CX2,CNC Machinist Milling,"El Segundo, CA","software, growth, assembly, operational, engineering",0,0,2026-05-09T16:00:33+00:00
LiveKit,Staff Product Manager Enterprise,,"manager, technical, developer, growth, code, voice, strategy, sales, go, engineering, digital nomad",225000,265000,2026-05-09T16:00:24+00:00
Boom Entertainment,Customer Support Representative,Remote,"gaming, consultant, support, operations",0,0,2026-05-09T16:00:18+00:00
CSC Generation,Lead Software Engineer,Remote - Canada,"software, design, python, django, technical, developer, growth, director, code, voice, manager, api, lead, senior, junior, recruiting, engineer, engineering, digital nomad",0,0,2026-05-09T08:00:10+00:00
BIS Safety Software,Marketing Copywriter,"Toronto, Ontario","dev, copywriter, saas, system, training, technical, support, software, copywriting, growth, video, seo, strategy, management, lead, content, marketing, recruitment, digital nomad",0,0,2026-05-09T08:00:03+00:00
"Clariti Cloud, Inc.",Senior Software Engineer I,Canada,"software, saas, salesforce, senior, engineer",0,0,2026-05-09T00:02:42+00:00
Forbright Bank,Manager Collections &amp; Recoveries,Remote,"manager, embedded, growth, financial, investment, banking, finance, bank, microsoft, strategy, management, operational, analytics, legal, go",0,0,2026-05-09T00:02:16+00:00
CipherHealth,Customer Success Manager,Remote,"manager, system, consultant, technical, software, financial, lead, senior, operations, operational, health, healthcare, executive",0,0,2026-05-09T00:02:10+00:00
GoFasti,1086 Digital Marketing Specialist,Remote,"marketing, part-time, non tech",0,0,2026-05-09T00:01:52+00:00
Forge Global,Asset Administration Operations Specialist,Denver,"travel, financial, operations, non tech",21,24,2026-05-09T00:01:21+00:00
Rivia Mind - Mental Healthcare,Patient Operations Coordinator,Remote,"coordinator, management, operations, go, health, medical, non tech",0,0,2026-05-09T00:00:48+00:00
Careers In Travel | Destination Planners,Fully Cruise &amp; Resort Booking Specialist,Florida,"travel, training, support, non tech",0,0,2026-05-09T00:00:07+00:00
Spotify,Engineering Manager AI Fleet Management &amp; Honk,,"manager, design, system, architect, technical, developer, software, growth, management, lead, operational, engineering, backend, digital nomad",0,0,2026-05-08T16:01:13+00:00
VGW,Senior Manager Government & Industry Affairs Operations,Maryland,"manager, senior, operations",200000,230000,2026-05-08T08:00:48+00:00
Defense Unicorns,People Operations Lead,United States,"hr, architect, support, lead, operations, operational",0,0,2026-05-08T08:00:34+00:00
Marketers in Demand,Web Development Specialist,,"web dev, dev",30000,40000,2026-05-08T01:00:28+00:00
Greenhouse,Principal Marketing Analytics Manager,Anywhere in the United States,"manager, architect, technical, growth, investment, marketing, excel, analytics, go",0,0,2026-05-08T00:06:04+00:00
Kiavi,Sales Development Representative,Remote,"security, fintech, sales",0,0,2026-05-08T00:05:13+00:00
Nava PBC,Talent Acquisition Pipeline Manager,,"manager, design, consultancy, cloud, engineering, digital nomad",0,0,2026-05-08T00:03:22+00:00
Civitech,Analytics Engineer,"Austin, TX or Remote","python, support, code, cloud, analytics, engineer, engineering, full-time",0,0,2026-05-08T00:01:48+00:00
Rivia Mind - Mental Healthcare,Mental Health Counselor Therapist Social Worker New York,New York,"management, go, health, medical, non tech",0,0,2026-05-08T00:01:14+00:00
Pelago,Drug & Alcohol Counselor,Remote,"support, growth, c, health",0,0,2026-05-08T00:00:41+00:00
Zensurance,Tech Lead,"Toronto, ON","design, system, front-end, back-end, security, training, full-stack, docker, technical, support, software, testing, test, growth, code, web, scrum, devops, javascript, education, strategy, management, lead, senior, health, engineering, digital nomad",0,0,2026-05-08T00:00:03+00:00
Cast AI,Senior Software Engineer,,"golang, software, senior, engineer",0,0,2026-05-07T12:00:02+00:00
Intellect,Clinical Provider,KrakÃ³w,"support, growth, video, health",0,0,2026-05-07T08:00:09+00:00
Valon Mortgage,Senior Data Engineer,,"design, saas, python, architect, technical, support, cloud, strategy, management, senior, operations, operational, analytics, reliability, go, engineer, engineering, digital nomad",0,0,2026-05-07T08:00:03+00:00
Meridian Partners,Workday Payroll Consultant,Remote,"consultant, payroll, consulting",0,0,2026-05-07T00:02:33+00:00
Hopelab,Policy Intern,Remote,"support, growth, director, voice, financial, education, strategy, content, go, health, educational, internship, part-time",0,0,2026-05-07T00:01:51+00:00
Geotab,Solutions Engineering Post Sales,Remote - US,"leader, operations, analytics, sales, engineering",0,0,2026-05-07T00:01:45+00:00
Profound Research,Data Entry Coordinator,Remote,"system, training, coordinator, support, testing, growth, travel, education, microsoft, management, operations, health, healthcare",0,0,2026-05-07T00:01:09+00:00
GoFasti,1079 Project Manager,Remote,"manager, management",0,0,2026-05-07T00:01:03+00:00
